name,pos,school,games,mpg,pts,reb,fgpercent,thr_percent,ftpercent,nba_ppg,nba_fgp
A.J. Hammons,C,PURDUE,132,24.3,12.1,7,0.539,0.261,0.69,2.2,0.405
Aaron Brooks,PG,OREGON,115,32.7,13.1,3.5,0.43,0.374,0.834,5,0.403
Aaron Gordon,SF,ARIZONA,38,31.2,12.4,8,0.495,0.356,0.422,12.7,0.454
Aaron Harrison,SG,KENTUCKY,79,29.2,12.4,2.8,0.41,0.335,0.787,0.2,0
Adreian Payne,PF,MICHIGANST,138,20,8.9,5.3,0.526,0.409,0.755,3.5,0.426
Al-Farouq Aminu,PF,WAKE,62,31.3,14.4,9.4,0.476,0.238,0.687,8.7,0.393
Al Horford,C,FLORIDA,109,25.7,10.3,7.9,0.586,0,0.619,14,0.473
Alan Anderson,SF,MICHIGANST,126,26.8,9.5,4.2,0.503,0.366,0.831,2.9,0.375
Alan Williams,C,UCSB,112,27,15.5,10,0.492,0,0.706,7.4,0.517
Alec Burks,SG,COLORADO,68,30.9,19,5.8,0.495,0.313,0.804,6.7,0.399
Alex Len,C,MARYLAND,60,24.5,9.7,7,0.538,0.111,0.663,8,0.497
Alex Poythress,PF,KENTUCKY,39,22.9,9.3,5.6,0.563,0.233,0.724,10.7,0.463
Allen Crabbe,SG,CALIFORNIA,98,34.7,15.7,5.7,0.446,0.382,0.819,10.7,0.468
Alonzo Gee,SF,ALABAMA,128,NA,12.7,5.7,0.447,0.325,0.632,0.8,0.214
Andre Drummond,C,UCONN,34,28.4,10,7.6,0.538,0,0.295,13.6,0.53
Andre Iguodala,SF,ARIZONA,62,25.4,9.6,6.6,0.424,0.274,0.738,7.6,0.528
Andre Roberson,SF,COLORADO,105,28.3,9.6,10,0.516,0.35,0.582,6.6,0.464
Andrew Bogut,C,UTAH,68,32.7,16.6,11.1,0.603,0.361,0.674,2.9,0.469
Andrew Harrison,PG,KENTUCKY,79,28.6,10.1,2.7,0.372,0.367,0.777,5.9,0.325
Andrew Nicholson,PF,STBONNY,123,31.4,17.1,7.2,0.575,0.377,0.72,2.6,0.387
Andrew Wiggins,SF,KANSAS,35,32.8,17.1,5.9,0.448,0.341,0.775,23.6,0.452
Anthony Bennett,PF,UNLV,35,27.1,16.1,8.1,0.533,0.375,0.701,5,0.413
Anthony Brown,SF,STANFORD,144,29.2,10.8,4.8,0.428,0.403,0.751,3.9,0.36
Anthony Davis,C,KENTUCKY,40,32,14.2,10.4,0.623,0.15,0.709,28,0.505
Anthony Morrow,SG,GATECH,123,23.6,11.4,3.3,0.437,0.421,0.867,5.5,0.389
Anthony Tolliver,PF,CREIGHTON,124,21.5,8.1,4.9,0.491,0.333,0.671,7.1,0.442
Archie Goodwin,SG,KENTUCKY,33,31.8,14.1,4.6,0.44,0.266,0.637,7.3,0.545
Arinze Onuaku,C,SYRACUSE,134,22.8,9.2,6,0.648,NA,0.395,0.5,0.5
Aron Baynes,C,WASHST,122,NA,8.7,5.4,0.546,0.333,0.698,4.9,0.513
Arron Afflalo,SG,UCLA,104,32.7,14.8,3.5,0.457,0.373,0.781,8.4,0.44
Austin Rivers,SG,DUKE,34,33.2,15.5,3.4,0.433,0.365,0.658,12,0.442
Avery Bradley,SG,TEXAS,34,29.5,11.6,2.9,0.432,0.375,0.545,16.3,0.463
Ben Baiser,PF,RUTGERS,79,34,18.9,7.7,1.682,0.995,1.598,15.2,1.236
Ben Bentil,PF,PROVIDENCE,69,27.9,13.8,6.3,0.455,0.324,0.761,0,0
Ben McLemore,SG,KANSAS,37,32.2,15.9,5.2,0.495,0.42,0.87,8.1,0.43
Blake Griffin,PF,OKLAHOMA,68,NA,18.8,11.8,0.618,0.3,0.589,21.6,0.493
Bobby Brown,PG,CALSTFULL,116,34.2,16.9,2.5,0.428,0.377,0.789,2.5,0.383
Bobby Portis,PF,ARKANSAS,70,28.5,15,7.9,0.526,0.365,0.737,6.8,0.488
Bradley Beal,SG,FLORIDA,37,34.2,14.8,6.7,0.445,0.339,0.769,23.1,0.482
Brandan Wright,PF,UNC,37,27.4,14.7,6.2,0.646,NA,0.567,6.8,0.615
Brandon Bass,PF,LSU,59,34.2,15.1,8.2,0.54,0.378,0.78,5.6,0.575
Brandon Ingram,SF,DUKE,36,34.6,17.3,6.8,0.442,0.41,0.682,9.4,0.402
Brandon Knight,SG,KENTUCKY,38,35.9,17.3,4,0.423,0.377,0.795,11,0.398
Brandon Rush,SG,KANSAS,109,31.3,13.6,5.5,0.449,0.435,0.733,4.2,0.374
Brian Roberts,PG,DAYTON,125,NA,15.7,3,0.452,0.441,0.849,3.5,0.377
Briante Weber,PG,VCU,127,23.3,6.8,3.3,0.426,0.274,0.769,3.1,0.417
Brice Johnson,PF,UNC,148,21,11.9,7,0.577,NA,0.715,1.3,0.286
Brook Lopez,C,STANFORD,53,28,16,7.1,0.48,0.143,0.764,20.5,0.474
Bryn Forbes,SG,MICHIGANST,74,27.1,11.3,1.7,0.467,0.458,0.827,2.6,0.364
Buddy Hield,SG,OKLAHOMA,132,31.7,17.4,5,0.448,0.39,0.836,10.6,0.426
C.J. McCollum,SG,LEHIGH,111,32.9,21.3,6.3,0.439,0.377,0.825,23,0.48
C.J. Watson,PG,TENNESSEE,119,34.1,12,3.7,0.432,0.396,0.777,4.5,0.387
C.J. Wilcox,SG,WASHINGTON,131,28.5,14.4,3.4,0.433,0.389,0.84,1,0.258
Cameron Payne,PG,MURRAYST,69,32.4,18.5,3.7,0.432,0.359,0.781,5.2,0.332
Caris LeVert,SF,MICHIGAN,103,26.4,10.4,3.5,0.434,0.401,0.77,8.2,0.45
Carmelo Anthony,SF,SYRACUSE,35,36.4,22.2,10,0.453,0.337,0.706,22.4,0.433
Chandler Parsons,SF,FLORIDA,142,32.6,10.2,6,0.477,0.337,0.611,6.2,0.338
Channing Frye,C,ARIZONA,133,27.7,13.5,7.3,0.562,0.261,0.759,9.1,0.458
Chasson Randle,PG,STANFORD,37,36.4,19.6,3.3,0.403,0.363,0.877,5.3,0.408
Cheick Diallo,PF,KANSAS,27,7.5,3,2.5,0.569,NA,0.556,5.1,0.474
Chinanu Onuaku,C,LOUISVILLE,66,21,6.2,6.4,0.619,0,0.547,2.8,0.714
Chris Andersen,C,BLINNTX,29,21.7,10.1,7.7,0.505,0.24,0.526,2.3,0.409
Chris McCullough,PF,SYRACUSE,16,28.1,9.3,6.9,0.478,1,0.563,2.3,0.5
Chris Paul,PG,WAKE,63,33.5,15,3.9,0.472,0.47,0.838,18.1,0.476
Christian Wood,PF,UNLV,63,23.3,10.4,6.8,0.477,0.261,0.747,2.7,0.522
Cody Zeller,C,INDIANA,72,29,16.1,7.3,0.592,0,0.756,10.3,0.571
Cole Aldrich,C,KANSAS,111,26.8,9.4,7.7,0.574,NA,0.729,1.7,0.523
Corey Brewer,SF,FLORIDA,108,27.2,11.3,4.3,0.48,0.356,0.708,4.5,0.422
Cory Joseph,PG,TEXAS,36,32.4,10.4,3.6,0.422,0.413,0.699,9.3,0.452
Courtney Lee,SG,WKENTUCKY,127,31.2,17.6,5.2,0.464,0.401,0.817,10.8,0.456
D'Angelo Russell,PG,OHIOST,35,33.9,19.3,5.7,0.449,0.411,0.756,15.6,0.405
D.J. Augustin,PG,TEXAS,73,36.5,16.9,2.9,0.443,0.402,0.808,7.9,0.377
Dahntay Jones,SF,RUTGERS,131,29.8,13.8,4.6,0.452,0.344,0.745,9,0.375
Damian Jones,C,VANDY,99,27.1,13.3,6.4,0.566,0.125,0.565,1.9,0.5
Damian Lillard,PG,WEBERST,104,33.6,18.6,4.3,0.446,0.39,0.867,27,0.444
Daniel Ochefu,C,VILLANOVA,73,23.7,9.6,8,0.635,0,0.688,1.3,0.444
Danny Green,SG,UNC,145,NA,9.4,4.1,0.455,0.375,0.845,7.3,0.392
Dante Cunningham,PF,VILLANOVA,139,NA,9.6,5.9,0.524,0.333,0.693,6.6,0.485
Danuel House,SG,TEXASAM,62,31.6,15.3,4.3,0.404,0.344,0.686,0,NA
Darrell Arthur,PF,KANSAS,78,21.9,11.3,5.5,0.541,0.118,0.676,6.4,0.442
Darren Collison,PG,UCLA,141,NA,11.6,2.3,0.478,0.439,0.85,13.2,0.476
Darrun Hilliard,SG,VILLANOVA,132,26.8,11.4,3,0.436,0.367,0.748,3.3,0.373
David Lee,PF,FLORIDA,127,25,11.3,6.8,0.581,0,0.681,7.3,0.59
David Nwaba,SG,CALPOLY,54,27.4,12,5.6,0.446,0.167,0.628,6,0.58
David West,C,XAVIER,126,33.4,16.9,10.4,0.531,0.327,0.757,4.6,0.536
DeAndre' Bembry,SF,STJOSEPHS,101,36.1,15.7,6.7,0.457,0.312,0.628,2.7,0.48
DeAndre Jordan,C,TEXASAM,35,20.1,7.9,6,0.617,NA,0.437,12.7,0.714
DeAndre Liggins,SG,KENTUCKY,100,24.6,5.8,3,0.407,0.332,0.643,2.5,0.387
Dejounte Murray,PG,WASHINGTON,34,33.5,16.1,6,0.416,0.288,0.663,3.4,0.431
Delon Wright,PG,UTAH,68,34.8,15,5.8,0.535,0.299,0.814,5.6,0.422
DeMar DeRozan,SG,USC,35,NA,13.9,5.7,0.523,0.167,0.646,27.3,0.467
DeMarcus Cousins,C,KENTUCKY,38,23.5,15.1,9.8,0.558,0.167,0.604,27,0.452
DeMarre Carroll,SF,VANDY,134,NA,11.2,6,0.535,0.281,0.603,8.9,0.4
Demetrius Jackson,PG,NOTREDAME,103,31.5,12.2,3.1,0.473,0.383,0.782,2,0.75
Denis Valle,SG,FLORIDA,81,66,16.2,1.3,0.56,0.37,0.896,7.36,0.56
Denzel Valentine,SG,MICHIGANST,144,29,11.4,5.9,0.442,0.408,0.779,5.1,0.354
Deron Williams,PG,ILLINOIS,101,31.7,11,3.3,0.422,0.374,0.685,11,0.438
Derrick Favors,PF,GATECH,36,27.5,12.4,8.4,0.611,0,0.629,9.5,0.487
Derrick Jones,SF,UNLV,30,21.5,11.5,4.5,0.589,0.205,0.594,5.3,0.562
Derrick Rose,PG,MEMPHIS,40,29.2,14.9,4.5,0.477,0.337,0.712,18,0.471
Derrick Williams,PF,ARIZONA,69,29.2,17.8,7.7,0.586,0.511,0.719,6.1,0.443
Devin Booker,SG,KENTUCKY,38,21.5,10,2,0.47,0.411,0.828,22.1,0.423
Devin Harris,PG,WISCONSIN,96,35,14.8,4.1,0.447,0.375,0.778,6.7,0.399
Dewayne Dedmon,C,USC,51,22.7,7.1,6.4,0.52,0,0.614,5.1,0.622
Deyonta Davis,C,MICHIGANST,35,18.6,7.5,5.5,0.598,NA,0.605,1.6,0.511
Diamond Stone,C,MARYLAND,35,23.1,12.5,5.4,0.568,NA,0.761,1.4,0.231
Dion Waiters,SG,SYRACUSE,71,20.4,9.7,1.9,0.453,0.348,0.753,15.8,0.424
Domantas Sabonis,PF,GONZAGA,74,26.6,13.5,9.4,0.632,0.357,0.729,5.9,0.399
Dorian Finney-Smith,PF,FLORIDA,64,30.1,14,7.4,0.452,0.39,0.688,4.3,0.372
Doug McDermott,SF,CREIGHTON,145,31.5,21.7,7.5,0.55,0.458,0.831,9,0.447
Draymond Green,PF,MICHIGANST,145,29.6,10.5,7.6,0.467,0.361,0.687,10.2,0.418
Dwight Powell,C,STANFORD,136,26.2,10.8,6.3,0.464,0.289,0.722,6.7,0.515
Dwyane Wade,SG,MARQUETTE,65,30.7,19.7,6.5,0.494,0.333,0.745,18.3,0.434
E'Twaun Moore,SG,PURDUE,140,32.7,15.3,4.4,0.44,0.38,0.729,9.6,0.457
Ed Davis,PF,UNC,61,27.9,9.2,7.7,0.548,NA,0.623,4.3,0.528
Elfrid Payton,PG,ULALA,100,31.6,14.3,5.1,0.485,0.268,0.611,12.8,0.471
Elijah Millsap,SG,ULALA,87,33.1,12.8,7.5,0.422,0.291,0.629,1.5,0.143
Eric Bledsoe,PG,KENTUCKY,37,30.3,11.3,3.1,0.462,0.383,0.667,21.1,0.434
Eric Gordon,SG,INDIANA,32,34.7,20.9,3.3,0.433,0.337,0.834,16.2,0.406
Evan Turner,SF,OHIOST,101,35.7,15,6.8,0.502,0.362,0.758,9,0.426
Frank Kaminsky,C,WISCONSIN,144,20.4,10.1,4.6,0.522,0.369,0.763,11.7,0.399
Fred VanVleet,PG,WICHITAST,66,30.4,12.9,3.9,0.412,0.369,0.805,2.9,0.351
Garrett Temple,SG,LSU,134,NA,6.7,3.7,0.371,0.278,0.783,7.8,0.424
Gary Harris,SG,MICHIGANST,69,31,14.9,3.3,0.44,0.376,0.788,14.9,0.502
Gary Neal,SG,LASALLE,106,NA,21.7,3.9,0.427,0.359,0.827,2,0
Gary Payton,PG,OREGONST,63,35.3,14.7,7.7,0.485,0.302,0.652,3.3,0.364
George Hill,PG,IUPUI,95,33.3,17,5.8,0.529,0.404,0.785,16.9,0.477
Georges Niang,PF,IOWAST,138,29.8,16.1,5.2,0.5,0.375,0.763,0.9,0.25
Gerald Henderson,SG,DUKE,103,NA,12.3,4.2,0.458,0.329,0.706,9.2,0.423
Glenn Robinson,SF,MICHIGAN,76,33,12,4.9,0.525,0.313,0.718,6.1,0.467
Gordon Hayward,SF,BUTLER,69,33.5,14.4,7.4,0.47,0.369,0.824,21.9,0.471
Gorgui Dieng,PF,LOUISVILLE,102,27.3,8.3,7.9,0.545,0.333,0.64,10,0.502
Greg Monroe,C,GEORGETOWN,65,34.2,14.5,8.2,0.543,0.273,0.677,11.7,0.533
Greivis Vasquez,PG,MARYLAND,136,33.9,16,4.8,0.425,0.329,0.828,2.3,0.25
Harrison Barnes,PF,UNC,75,29.3,16.3,5.5,0.43,0.349,0.734,19.2,0.468
Hassan Whiteside,C,MARSHALL,34,26.1,13.1,8.9,0.524,0.6,0.588,17,0.557
Henry Ellenson,PF,MARQUETTE,33,33.5,17,9.7,0.446,0.288,0.749,3.2,0.359
Hollis Thompson,SG,GEORGETOWN,99,24.6,8.7,4.1,0.478,0.44,0.676,5.1,0.385
Ian Clark,SG,BELMONT,133,28.7,14.4,2.9,0.484,0.425,0.81,6.8,0.487
Iman Shumpert,SG,GATECH,92,31.1,12.7,4.5,0.396,0.305,0.738,7.5,0.411
Isaiah Canaan,SG,MURRAYST,132,29.4,15.5,2.8,0.45,0.419,0.803,4.6,0.364
Isaiah Taylor,PG,TEXAS,57,31.2,14.2,2.9,0.412,0.3,0.822,0.8,0.143
Isaiah Thomas,PG,WASHINGTON,105,31.5,16.4,3.5,0.426,0.325,0.713,28.9,0.463
Isaiah Whitehead,PG,SETONHALL,56,30.5,15.8,3.7,0.375,0.359,0.757,7.4,0.402
Ish Smith,PG,WAKE,121,36.8,9.2,3.7,0.425,0.301,0.484,9.4,0.439
J.J. Barea,PG,NEASTERN,113,33.3,20.3,3.9,0.404,0.321,0.764,10.9,0.414
J.J. Redick,SG,DUKE,139,34,19.9,2.7,0.433,0.406,0.912,15,0.445
Jabari Parker,PF,DUKE,35,30.7,19.1,8.7,0.473,0.358,0.748,20.1,0.49
Jae Crowder,SF,MARQUETTE,72,30.2,14.6,7.6,0.492,0.35,0.683,13.9,0.463
Jahlil Okafor,C,DUKE,38,30.1,17.3,8.5,0.664,NA,0.51,11.8,0.514
Jake Layman,SF,MARYLAND,141,27.9,10.2,4.8,0.445,0.362,0.759,2.2,0.292
Jakob Poeltl,C,UTAH,70,26.9,13.3,8,0.658,0,0.605,3.1,0.583
Jamal Crawford,SG,MICHIGAN,17,33.9,16.6,2.8,0.412,0.327,0.784,12.3,0.413
Jamal Murray,SG,KENTUCKY,36,35.2,20,5.2,0.454,0.408,0.783,9.9,0.404
Jameer Nelson,PG,STJOSEPHS,125,34.5,16.8,4.6,0.454,0.365,0.786,9.2,0.444
James Harden,PG,ARIZONAST,69,NA,19,5.4,0.506,0.376,0.755,29.1,0.44
James Johnson,PF,WAKE,61,NA,14.8,8.3,0.515,0.296,0.693,12.8,0.479
James Jones,SF,MIAMIFL,122,27.5,11.1,5,0.426,0.383,0.831,2.8,0.478
James Michael McAdoo,PF,UNC,108,25,11.4,5.9,0.447,0,0.569,2.8,0.53
James Young,SG,KENTUCKY,40,32.4,14.3,4.3,0.407,0.349,0.706,2.3,0.431
JaMychal Green,PF,ALABAMA,123,28,13.5,7.4,0.519,0.176,0.711,8.9,0.5
Jared Dudley,PF,BOSTONCOLL,130,36.4,15.9,7.2,0.504,0.365,0.731,6.8,0.454
Jared Sullinger,PF,OHIOST,74,31,17.3,9.7,0.53,0.365,0.733,3.4,0.319
Jarell Eddie,SF,VATECH,123,25.8,9.6,4.6,0.385,0.365,0.812,4.8,0.316
Jarell Martin,PF,LSU,65,30.7,13.7,6.9,0.494,0.308,0.689,3.9,0.384
Jarnell Stokes,C,TENNESSEE,87,29.7,13,9.6,0.53,0,0.628,1.5,1
Jarrett Jack,PG,GATECH,101,32.3,12.5,4.5,0.478,0.359,0.796,3,0.667
Jarrod Uthoff,PF,IOWA,67,30.6,15.6,6.4,0.44,0.377,0.788,4.4,0.421
Jason Smith,C,COLORADOST,87,27.9,14.7,7.9,0.548,0.308,0.751,5.7,0.529
Jason Terry,SG,ARIZONA,129,26,11.3,2.3,0.443,0.374,0.784,4.1,0.432
JaVale McGee,C,NEVADA,66,18.7,8.7,4.8,0.542,0.356,0.514,6.1,0.652
Jaylen Brown,SF,CALIFORNIA,34,27.6,14.6,5.4,0.431,0.294,0.654,6.6,0.454
Jeff Green,PF,GEORGETOWN,102,33.2,13.1,6.5,0.488,0.359,0.7,9.2,0.394
Jeff Teague,PG,WAKE,61,NA,16.4,3,0.462,0.421,0.812,15.3,0.442
Jeff Withey,C,KANSAS,117,19.8,8,5.4,0.568,1,0.726,2.9,0.534
Jerami Grant,PF,SYRACUSE,72,21.9,7.5,4.7,0.486,0.3,0.641,5.5,0.463
Jeremy Lamb,SG,UCONN,75,32.1,14.1,4.7,0.482,0.348,0.806,9.7,0.46
Jeremy Lin,PG,HARVARD,115,32.2,12.9,4.3,0.481,0.333,0.733,14.5,0.438
Jerian Grant,PG,NOTREDAME,120,36.1,14.5,2.9,0.436,0.345,0.79,5.9,0.425
Jerryd Bayless,PG,ARIZONA,30,35.7,19.7,2.7,0.458,0.407,0.839,11,0.344
Jimmy Butler,SF,MARQUETTE,106,34.5,12,5.5,0.508,0.383,0.773,23.9,0.455
Joakim Noah,C,FLORIDA,108,21.1,10.5,6.4,0.616,0.5,0.684,5,0.49
Jodie Meeks,SG,KENTUCKY,81,NA,15.4,3,0.436,0.386,0.89,9.1,0.402
Joe Harris,SG,VIRGINIA,135,30.3,12.6,3.8,0.445,0.407,0.722,8.2,0.425
Joe Johnson,SF,ARKANSAS,53,30.3,15,6.1,0.466,0.406,0.753,9.2,0.436
Joe Young,PG,HOUSTON,132,32.8,17.5,3.6,0.453,0.39,0.886,2.1,0.361
Joel Anthony,C,UNLV,68,16.1,3.7,3.5,0.573,NA,0.561,1.3,0.625
Joel Bolomboy,PF,WEBERST,130,28.8,11.4,10.1,0.528,0.371,0.713,1.8,0.563
Joel Embiid,C,KANSAS,28,23.1,11.2,8.1,0.626,0.2,0.685,20.2,0.466
John Henson,C,UNC,109,23.8,10.3,8.1,0.497,0.208,0.484,6.8,0.515
John Jenkins,SG,VANDY,98,30.6,16.9,2.7,0.468,0.438,0.856,1.8,0.4
John Lucas III,PG,BAYLOR,126,34.8,14.9,2.5,0.445,0.383,0.869,0.4,0.25
John Wall,PG,KENTUCKY,37,34.8,16.6,4.3,0.461,0.325,0.754,23.1,0.451
Johnny O'Bryant,PF,LSU,91,27.1,12.7,7.7,0.467,0.222,0.619,3.5,0.5
Jon Leuer,PF,WISCONSIN,123,31.6,11.2,4.5,0.482,0.368,0.723,10.2,0.48
Jonathon Simmons,SG,HOUSTON,30,30.1,14.7,5,0.512,0.386,0.716,6.2,0.42
Jordan Clarkson,SG,TULSA,93,31.7,15.4,3.3,0.44,0.322,0.805,14.7,0.445
Jordan Crawford,SG,INDIANA,65,32.8,15.5,4.1,0.455,0.384,0.765,14.1,0.482
Jordan Farmar,PG,UCLA,66,32.2,13.3,3,0.41,0.333,0.76,6,0.333
Jordan Hill,C,ARIZONA,97,NA,12.5,7.9,0.578,NA,0.636,1.7,0.385
Jordan McRae,SG,TENNESSEE,114,27.1,13.3,3.3,0.417,0.343,0.769,4.4,0.387
Jordan Mickey,PF,LSU,65,33.8,14,8.8,0.518,0.071,0.669,1.5,0.441
Josh Huestis,PF,STANFORD,135,25,7.5,6.2,0.451,0.319,0.61,7,0.545
Josh McRoberts,PF,DUKE,69,29.7,10.8,6.5,0.54,0.278,0.664,4.9,0.373
Josh Richardson,SG,TENNESSEE,136,28.3,9.2,3.2,0.456,0.318,0.758,10.2,0.394
Jrue Holiday,PG,UCLA,35,NA,8.5,3.8,0.45,0.307,0.726,15.4,0.454
Julius Randle,PF,KENTUCKY,40,30.8,15,10.4,0.501,0.167,0.706,13.2,0.488
Justin Anderson,SF,VIRGINIA,98,24.1,8.9,3.5,0.43,0.357,0.752,7.1,0.424
Justin Hamilton,C,IOWAST,96,25.8,7.9,5.2,0.535,0.25,0.741,6.9,0.459
Justin Harper,PF,RICHMOND,137,28.5,10.6,4.8,0.483,0.382,0.711,4,0.417
Justin Holiday,SG,WASHINGTON,123,25.3,5.3,3.6,0.443,0.343,0.736,7.7,0.433
Justise Winslow,SF,DUKE,39,29.1,12.6,6.5,0.486,0.418,0.641,10.9,0.356
K.J. McDaniels,SF,CLEMSON,94,24.3,11,4.8,0.45,0.313,0.767,4.2,0.456
Karl-Anthony Towns,C,KENTUCKY,39,21.1,10.3,6.7,0.566,0.25,0.813,25.1,0.542
Kawhi Leonard,SF,SANDIEGOST,70,31.9,14.1,10.2,0.449,0.25,0.744,25.5,0.485
Kay Felder,PG,OAKLAND,101,35.9,17.5,4.3,0.426,0.345,0.822,4,0.392
Kelly Olynyk,C,GONZAGA,101,17.2,8.9,4.6,0.594,0.333,0.709,9,0.512
Kelly Oubre,SF,KANSAS,36,21,9.3,5,0.444,0.358,0.718,6.3,0.421
Kemba Walker,PG,UCONN,111,36.5,16.1,4.4,0.428,0.326,0.783,23.2,0.444
Kenneth Faried,PF,MOREHEAD,136,32.5,14.8,12.3,0.569,0.25,0.583,9.6,0.548
Kent Bazemore,SF,OLDDOM,140,29.6,10.1,4.6,0.447,0.334,0.581,11,0.409
Kentavious Caldwell-Pope,SG,GEORGIA,64,33,15.8,6.1,0.415,0.339,0.752,13.8,0.399
Kevin Durant,PF,TEXAS,35,35.9,25.8,11.1,0.473,0.404,0.816,25.1,0.537
Kevin Love,PF,UCLA,39,29.6,17.5,10.6,0.559,0.354,0.767,19,0.427
Kevon Looney,C,UCLA,36,30.9,11.6,9.2,0.47,0.415,0.626,2.5,0.523
Khris Middleton,SF,TEXASAM,87,26,11.3,4.6,0.431,0.321,0.768,14.7,0.45
Klay Thompson,SG,WASHST,98,35,17.9,4.8,0.424,0.39,0.827,22.3,0.468
Kosta Koufos,C,OHIOST,37,27.1,14.4,6.7,0.508,0.349,0.68,6.6,0.551
Kris Dunn,PG,PROVIDENCE,95,31.5,12.8,5.1,0.45,0.354,0.693,3.8,0.377
Kris Humphries,PF,MINNESOTA,29,34.1,21.7,10.1,0.444,0.34,0.742,4.6,0.407
Kyle Anderson,SF,UCLA,71,31.6,12.2,8.7,0.452,0.375,0.736,3.4,0.445
Kyle Korver,SG,CREIGHTON,128,27.7,14.1,5.2,0.472,0.453,0.891,10.1,0.464
Kyle Lowry,PG,VILLANOVA,57,26.7,9.5,3.8,0.449,0.325,0.737,22.4,0.464
Kyle O'Quinn,C,NORFOLKST,129,30.9,12.5,8.5,0.553,0.261,0.685,6.3,0.521
Kyle Singler,SF,DUKE,148,35.4,16.2,6.9,0.433,0.363,0.773,2.8,0.41
Kyle Wiltjer,PF,GONZAGA,74,30.5,18.6,6.3,0.514,0.449,0.828,0.9,0.286
Kyrie Irving,PG,DUKE,11,27.5,17.5,3.4,0.529,0.462,0.901,25.2,0.473
Lamar Patterson,SG,PITT,149,24.3,9.5,3.9,0.435,0.369,0.723,1.8,0.2
LaMarcus Aldridge,PF,TEXAS,53,30.2,13.5,8.2,0.586,NA,0.649,17.3,0.477
Lance Stephenson,SG,CINCY,34,28.2,12.3,5.4,0.44,0.219,0.664,6.8,0.45
Lance Thomas,PF,DUKE,140,25.3,4.6,3.6,0.525,NA,0.6,6,0.398
Langston Galloway,PG,STJOSEPHS,133,35.5,15,4.5,0.438,0.426,0.821,7.9,0.38
Larry Nance,PF,WYOMING,123,29.5,11.3,6.6,0.521,0.308,0.771,7.1,0.526
Larry Sanders,C,VCU,101,26.9,10.3,7.7,0.52,0.25,0.577,0.8,0.25
Lavoy Allen,PF,TEMPLE,135,34.2,10.5,8.5,0.534,0.288,0.671,2.9,0.458
Luc Mbah a Moute,SF,UCLA,107,29.5,8.7,7.2,0.503,0.215,0.668,6.1,0.505
Luke Babbitt,SF,NEVADA,68,37.1,19.4,8.1,0.48,0.421,0.893,4.8,0.402
Luol Deng,SF,DUKE,37,31.1,15.1,6.9,0.476,0.36,0.71,7.6,0.387
Malachi Richardson,SG,SYRACUSE,37,34.4,13.4,4.3,0.369,0.353,0.72,3.6,0.412
Malcolm Brogdon,SG,VIRGINIA,136,30.6,13.3,4.1,0.43,0.365,0.876,10.2,0.457
Malik Beasley,SG,FLORIDAST,34,29.8,15.6,5.3,0.471,0.387,0.813,3.8,0.452
Manny Harris,SG,MICHIGAN,98,36.1,17,5.7,0.406,0.318,0.827,2,0.2
Marcus Georges-Hunt,SG,GATECH,66,31.7,15.3,4.3,0.444,0.321,0.8,2.8,0.286
Marcus Morris,SF,KANSAS,109,26.6,12.6,6.2,0.555,0.358,0.66,14,0.418
Marcus Smart,SG,OKSTATE,64,33.1,16.6,5.9,0.413,0.295,0.751,10.6,0.359
Marcus Thornton,SG,LSU,66,NA,20.4,5.5,0.455,0.382,0.771,6.6,0.4
Markieff Morris,PF,KANSAS,109,21.1,8.5,6.1,0.553,0.404,0.653,14,0.457
Marquese Chriss,PF,WASHINGTON,34,24.9,13.7,5.4,0.53,0.35,0.682,9.2,0.449
Marreese Speights,C,FLORIDA,69,15.4,9.5,5.4,0.633,NA,0.688,8.7,0.445
Marshall Plumlee,C,DUKE,75,19.7,5.2,5.3,0.704,1,0.598,1.9,0.533
Marvin Williams,PF,UNC,36,22.2,11.3,6.6,0.506,0.432,0.847,11.2,0.422
Mason Plumlee,C,DUKE,141,25.9,9.8,7.7,0.574,0.2,0.583,10.4,0.536
Matt Barnes,SF,UCLA,121,22.6,8.8,4.8,0.469,0.314,0.566,7.1,0.391
Matthew Dellavedova,PG,STMARYSCA,136,36.4,14.2,3.4,0.415,0.378,0.86,7.6,0.39
Maurice Harkless,SF,STJOHNS,32,36.1,15.5,8.6,0.452,0.215,0.676,10,0.503
Maurice Ndour,PF,OHIO,66,32.3,14.8,7.6,0.498,0.388,0.757,3.1,0.453
Metta World Peace,SF,STJOHNS,69,34.2,13.1,6.3,0.445,0.355,0.589,2.3,0.279
Meyers Leonard,PF,ILLINOIS,65,19.8,7.7,4.7,0.567,0.083,0.729,5.4,0.386
Michael Beasley,PF,KANSASST,33,31.5,26.2,12.4,0.532,0.379,0.774,9.4,0.532
Michael Carter-Williams,PG,SYRACUSE,66,25.4,8.2,3.6,0.398,0.307,0.679,6.6,0.366
Michael Gbinije,SG,DUKE,120,25.5,9.8,3.1,0.454,0.387,0.639,0.4,0.1
Michael Kidd-Gilchrist,SF,KENTUCKY,40,31.1,11.9,7.4,0.491,0.255,0.745,9.2,0.477
Mike Conley,PG,OHIOST,39,31.6,11.3,3.4,0.518,0.304,0.694,20.5,0.46
Mike Dunleavy,SF,DUKE,104,28.8,13.2,5.8,0.475,0.371,0.698,5.2,0.423
Mike Miller,SF,FLORIDA,65,26.7,13.3,6,0.483,0.345,0.718,1.4,0.391
Mike Muscala,C,BUCKNELL,133,28.7,15.3,8.2,0.501,0.313,0.819,6.2,0.504
Mike Scott,PF,VIRGINIA,130,30.1,11.8,7.3,0.521,0.364,0.775,2.5,0.288
Mike Tobey,C,VIRGINIA,71,16.4,7.1,4.7,0.559,0.182,0.69,1,0.25
Miles Plumlee,C,DUKE,135,17.7,4.8,4.8,0.557,1,0.625,2.5,0.478
Montrezl Harrell,C,LOUISVILLE,112,26.4,11.6,6.9,0.586,0.275,0.533,9.1,0.652
Myles Turner,C,TEXAS,34,22.2,10.1,6.5,0.455,0.274,0.839,14.5,0.511
Nerlens Noel,C,KENTUCKY,24,31.9,10.5,9.5,0.59,NA,0.529,8.7,0.595
Nick Collison,PF,KANSAS,142,27.4,14.8,8,0.562,0.359,0.624,1.7,0.609
Nick Young,SG,USC,96,31.1,15.5,5.1,0.484,0.368,0.764,13.2,0.43
Nik Stauskas,SG,MICHIGAN,75,32.9,14.1,2.9,0.467,0.441,0.832,9.5,0.396
Nikola Vucevic,C,USC,87,27.7,11.1,8,0.509,0.303,0.746,14.6,0.468
Noah Vonleh,PF,INDIANA,30,26.5,11.3,9,0.523,0.485,0.716,4.4,0.481
Norman Powell,SG,UCLA,141,25.2,9.8,3,0.461,0.314,0.746,8.4,0.449
Norris Cole,PG,CLEVST,140,35,14.1,3.2,0.435,0.321,0.826,3.3,0.308
Otto Porter,SF,GEORGETOWN,64,32.5,12.8,7.1,0.498,0.355,0.751,13.4,0.516
P.J. Tucker,SF,TEXAS,87,28.9,13.4,8.2,0.526,0.5,0.711,6.7,0.413
Pascal Siakam,PF,NMSTATE,68,32.7,16.6,9.7,0.551,0.176,0.711,4.2,0.502
Pat Connaughton,SG,NOTREDAME,139,32.3,10.5,5.9,0.45,0.386,0.777,2.5,0.514
Patricio Garino,SG,GEORGEWASH,73,31.8,13.3,4.7,0.519,0.392,0.716,0,0
Patrick Beverley,SG,ARKANSAS,70,NA,13,5.5,0.42,0.382,0.73,9.5,0.42
Patrick McCaw,SG,UNLV,65,31.7,12.2,4.2,0.439,0.367,0.753,4,0.433
Patrick Patterson,PF,KENTUCKY,97,33,16.1,8.2,0.585,0.329,0.734,6.8,0.401
Patty Mills,PG,STMARYSCA,58,NA,16.4,2.2,0.415,0.331,0.806,9.5,0.44
Paul George,SF,FRESNOST,63,33.2,15.5,6.7,0.447,0.396,0.803,23.7,0.461
Paul Millsap,PF,LATECH,92,35.2,18.6,12.7,0.577,0.375,0.62,18.1,0.442
Paul Pierce,SF,KANSAS,108,26.8,16.4,6.3,0.481,0.355,0.697,3.2,0.4
Pierre Jackson,PG,BAYLOR,74,32.8,16.7,3.3,0.441,0.379,0.808,4.4,0.333
Quincy Acy,PF,BAYLOR,139,27.9,9.8,6,0.602,0.429,0.708,5.8,0.412
Quinn Cook,PG,DUKE,143,28.2,11,2.7,0.432,0.375,0.853,5.6,0.5
R.J. Hunter,SG,GEORGIAST,99,34.7,18.4,4.8,0.423,0.354,0.853,0,0
Rajon Rondo,PG,KENTUCKY,68,28.1,9.6,4.5,0.493,0.283,0.577,7.8,0.408
Rakeem Christmas,PF,SYRACUSE,142,22,7.4,5.3,0.56,0,0.681,2,0.442
Ramon Sessions,PG,NEVADA,97,29.2,8.8,4.2,0.417,0.313,0.74,6.2,0.38
Randy Foye,SG,VILLANOVA,131,31.3,15,4.8,0.399,0.329,0.781,5.2,0.363
Rashad Vaughn,SG,UNLV,23,32.3,17.8,4.8,0.439,0.383,0.694,3.5,0.365
Raymond Felton,PG,UNC,101,33.9,12.5,4.1,0.423,0.375,0.731,6.7,0.43
Reggie Bullock,SF,UNC,100,24.6,9.9,5,0.439,0.387,0.72,4.5,0.422
Reggie Jackson,PG,BOSTONCOLL,99,32.2,12.7,4.4,0.465,0.351,0.753,14.5,0.419
Reggie Williams,SF,VMI,112,NA,22.8,7.3,0.498,0.302,0.703,4.5,0.348
Richard Jefferson,SF,ARIZONA,84,26.3,11.2,5,0.49,0.368,0.718,5.7,0.446
Richaun Holmes,C,BOWLGREEN,95,26.5,11.5,6.9,0.554,0.353,0.697,9.8,0.558
Robert Covington,SF,TENNST,118,30,14.8,7.4,0.476,0.422,0.802,12.9,0.399
Robin Lopez,C,STANFORD,67,24.3,9,5.6,0.511,0.5,0.612,10.4,0.493
Rodney Hood,SG,MISSST,67,32.8,13.3,4.3,0.455,0.396,0.773,12.7,0.408
Rodney McGruder,SG,KANSASST,135,27.4,11.7,4.8,0.452,0.381,0.759,6.4,0.413
Rodney Stuckey,PG,EWASHINGTN,59,33.1,24.4,4.7,0.472,0.317,0.806,7.2,0.373
Ron Baker,SG,WICHITAST,70,32.2,14.4,4.6,0.429,0.367,0.776,4.1,0.378
Rondae Hollis-Jefferson,SF,ARIZONA,76,27,10.2,6.3,0.496,0.205,0.697,8.7,0.434
Ronnie Price,PG,NICHOLLS,114,31.2,17.8,3.5,0.417,0.345,0.788,1,0.167
Roy Hibbert,C,GEORGETOWN,136,23.3,10.9,5.9,0.603,1,0.68,4.6,0.544
Rudy Gay,SF,UCONN,64,29.8,13.6,5.9,0.461,0.378,0.721,18.7,0.455
Russell Westbrook,PG,UCLA,75,21.9,8.3,2.4,0.464,0.354,0.685,31.6,0.425
Ryan Anderson,PF,CALIFORNIA,66,33,18.7,9,0.484,0.396,0.841,13.6,0.418
Ryan Kelly,PF,DUKE,126,19.3,7.5,3.7,0.46,0.379,0.805,1.6,0.286
Sam Dekker,PF,WISCONSIN,113,27.9,12.1,5,0.493,0.348,0.695,6.5,0.473
Sean Kilpatrick,SG,CINCY,140,30.8,15.3,4.3,0.419,0.347,0.78,13.1,0.415
Semaj Christon,PG,XAVIER,64,34.8,16.2,2.8,0.462,0.338,0.67,2.9,0.345
Seth Curry,PG,LIBERTY,141,29.1,14.9,2.8,0.431,0.394,0.827,12.8,0.481
Shabazz Muhammad,SF,UCLA,32,30.8,17.9,5.2,0.443,0.377,0.711,9.9,0.482
Shabazz Napier,PG,UCONN,143,32.3,13.7,4,0.411,0.375,0.813,4.1,0.399
Shawn Long,C,ULALA,68,29.3,17.6,11.1,0.532,0.319,0.671,8.2,0.56
Sheldon Mac,SG,MIAMIFL,73,33.3,15.3,4,0.493,0.381,0.832,3,0.4
Shelvin Mack,PG,BUTLER,108,31.5,14.1,4.2,0.419,0.357,0.755,7.8,0.446
Skal Labissiere,PF,KENTUCKY,36,15.8,6.6,3.1,0.516,0,0.661,8.8,0.537
Solomon Hill,SF,ARIZONA,139,29,10.3,5.6,0.481,0.375,0.745,7,0.383
Spencer Dinwiddie,PG,COLORADO,86,30.1,13,3.3,0.42,0.386,0.83,7.3,0.444
Spencer Hawes,PF,WASHINGTON,31,28.9,14.9,6.4,0.532,0.333,0.755,6.2,0.484
Stanley Johnson,SF,ARIZONA,38,28.4,13.8,6.5,0.446,0.371,0.742,4.4,0.353
Stephen Curry,PG,DAVIDSON,104,NA,25.3,4.5,0.467,0.412,0.876,25.3,0.468
Stephen Zimmerman,C,UNLV,26,26.2,10.5,8.7,0.477,0.294,0.624,1.2,0.323
Steve Novak,PF,MARQUETTE,126,27,12.4,4.2,0.465,0.461,0.931,0.6,0.286
Steven Adams,C,PITT,32,23.4,7.2,6.3,0.571,NA,0.443,11.3,0.571
T.J. McConnell,PG,DUQUESNE,139,31.8,10.2,3.9,0.49,0.38,0.749,6.9,0.461
T.J. Warren,SF,NCSTATE,70,31.2,18.5,5.7,0.555,0.315,0.654,14.4,0.495
Taj Gibson,PF,USC,105,NA,12.4,8.5,0.58,NA,0.629,10.8,0.515
Tarik Black,C,MEMPHIS,135,20.7,8.4,4.7,0.614,0,0.555,5.7,0.51
Taurean Waller-Prince,SF,BAYLOR,129,20.2,10.2,4.2,0.46,0.376,0.718,5.7,0.4
Terrence Jones,PF,KENTUCKY,76,30.4,14,8,0.467,0.328,0.638,10.8,0.47
Terrence Ross,SF,WASHINGTON,69,24.4,12.3,4.7,0.453,0.364,0.764,11,0.437
Terry Rozier,PG,LOUISVILLE,73,26.8,12,4.3,0.408,0.331,0.772,5.5,0.367
Thaddeus Young,PF,GATECH,31,29.6,14.4,4.9,0.478,0.419,0.743,11,0.527
Thomas Robinson,PF,KANSAS,105,18.7,9.8,7.3,0.525,0.5,0.606,5,0.536
Tim Frazier,PG,PENNST,135,30.6,11.4,3.9,0.418,0.31,0.774,7.1,0.403
Tim Hardaway,SG,MICHIGAN,107,33.3,14.3,4.1,0.425,0.343,0.724,14.5,0.455
Tim Quarterman,SG,LSU,66,31.2,11.3,4.9,0.421,0.328,0.673,1.9,0.448
Tobias Harris,PF,TENNESSEE,34,29.2,15.3,7.3,0.46,0.303,0.753,16.1,0.481
Toney Douglas,PG,AUBURN,130,NA,16.8,3.8,0.442,0.376,0.802,4.9,0.368
Tony Allen,SG,BUTLERCOCC,99,31,15.6,5.7,0.488,0.352,0.658,9.1,0.461
Tony Snell,SG,NMEXICO,104,24.8,9.2,2.4,0.421,0.38,0.821,8.5,0.455
Treveon Graham,SG,VCU,140,25.4,13.4,5.8,0.432,0.354,0.691,2.1,0.475
Trevor Ariza,SF,UCLA,25,31.6,11.6,6.5,0.426,0.237,0.504,11.7,0.409
Trevor Booker,PF,CLEMSON,134,30.8,12.9,7.9,0.559,0.324,0.624,10,0.516
Trey Burke,PG,MICHIGAN,73,35.7,16.9,3.3,0.45,0.367,0.777,5,0.455
Trey Lyles,PF,KENTUCKY,36,23,8.7,5.2,0.488,0.138,0.735,6.2,0.362
Tristan Thompson,C,TEXAS,36,30.7,13.1,7.8,0.546,NA,0.487,8.1,0.6
Troy Daniels,SG,VCU,125,16.9,7.3,2.1,0.389,0.386,0.782,8.2,0.374
Troy Williams,SF,INDIANA,67,26.8,13.1,6.6,0.526,0.364,0.713,6.2,0.437
Ty Lawson,PG,UNC,105,NA,13.1,2.9,0.517,0.403,0.78,9.9,0.454
Tyler Ennis,PG,SYRACUSE,34,35.7,12.9,3.4,0.411,0.353,0.765,4.3,0.433
Tyler Johnson,PG,FRESNOST,128,27.6,10.5,4.8,0.456,0.372,0.716,13.7,0.433
Tyler Ulis,PG,KENTUCKY,72,30.1,11.3,2.4,0.427,0.371,0.846,7.3,0.421
Tyler Zeller,C,UNC,117,25.3,12.8,6.7,0.543,0,0.775,3.5,0.494
Tyreke Evans,SF,MEMPHIS,37,NA,17.1,5.4,0.455,0.274,0.711,10.3,0.405
Tyus Jones,PG,DUKE,39,33.9,11.8,3.5,0.417,0.379,0.889,3.5,0.414
Udonis Haslem,C,FLORIDA,130,24.9,13.7,6.4,0.584,0,0.666,1.9,0.478
Victor Oladipo,SG,INDIANA,104,24.6,10.7,5.2,0.538,0.338,0.716,15.9,0.442
Vince Carter,SF,UNC,103,23,12.3,4.5,0.547,0.368,0.705,8,0.394
Wade Baldwin,PG,VANDY,68,29.6,11.6,4.1,0.431,0.422,0.8,3.2,0.313
Wayne Ellington,SG,UNC,115,NA,14.7,4.1,0.463,0.397,0.809,10.5,0.416
Wayne Selden,SG,KANSAS,74,29.6,11.6,3.1,0.435,0.381,0.633,5.1,0.431
Wesley Johnson,SF,IOWAST,93,35,13.9,7,0.454,0.349,0.768,2.7,0.365
Wesley Matthews,SG,MARQUETTE,127,NA,13.2,4.9,0.444,0.341,0.799,13.5,0.393
Will Barton,SG,MEMPHIS,70,32.9,15.2,6.5,0.471,0.299,0.733,13.7,0.443
Willie Cauley-Stein,C,KENTUCKY,105,24.5,8,6.2,0.593,NA,0.508,8.1,0.53
Willie Reed,C,STLOUIS,67,24.7,10.2,6.3,0.574,NA,0.5,5.3,0.568
Wilson Chandler,SF,DEPAUL,59,31.1,12.9,7.1,0.445,0.303,0.659,15.7,0.461
Yogi Ferrell,PG,INDIANA,69,34.8,16.8,3.5,0.449,0.418,0.843,10,0.406
Zach LaVine,SG,UCLA,37,24.4,9.4,2.5,0.441,0.375,0.691,18.9,0.459
Zach Randolph,PF,MICHIGANST,33,19.8,10.8,6.7,0.587,0,0.635,14.1,0.449
