name,school,games,pts,games.1,mpg,pts.1,reb,ast,fgpercent,x3ppercent,ftpercent
Quincy Acy,BAYLOR,139,9.8,139,27.9,9.8,6.0,0.6,.602,.429,.708
Steven Adams,PITT,32,7.2,32,23.4,7.2,6.3,0.6,.571,,.443
Arron Afflalo,UCLA,104,14.8,104,32.7,14.8,3.5,1.9,.457,.373,.781
Cole Aldrich,KANSAS,111,9.4,111,26.8,9.4,7.7,0.6,.574,,.729
LaMarcus Aldridge,TEXAS,53,13.5,53,30.2,13.5,8.2,0.6,.586,,.649
Lavoy Allen,TEMPLE,135,10.5,135,34.2,10.5,8.5,2.1,.534,.288,.671
Tony Allen,BUTLERCOCC,99,15.6,99,31.0,15.6,5.7,3.0,.488,.352,.658
Al-Farouq Aminu,WAKE,62,14.4,62,31.3,14.4,9.4,1.4,.476,.238,.687
Chris Andersen,BLINNTX,29,10.1,29,21.7,10.1,7.7,0.7,.505,.240,.526
Alan Anderson,MICHIGANST,126,9.5,126,26.8,9.5,4.2,2.4,.503,.366,.831
Justin Anderson,VIRGINIA,98,8.9,98,24.1,8.9,3.5,1.8,.430,.357,.752
Kyle Anderson,UCLA,71,12.2,71,31.6,12.2,8.7,5.0,.452,.375,.736
Ryan Anderson,CALIFORNIA,66,18.7,66,33.0,18.7,9.0,1.0,.484,.396,.841
Carmelo Anthony,SYRACUSE,35,22.2,35,36.4,22.2,10.0,2.2,.453,.337,.706
Joel Anthony,UNLV,68,3.7,68,16.1,3.7,3.5,0.3,.573,,.561
Trevor Ariza,UCLA,25,11.6,25,31.6,11.6,6.5,2.1,.426,.237,.504
Darrell Arthur,KANSAS,78,11.3,78,21.9,11.3,5.5,0.6,.541,.118,.676
D.J. Augustin,TEXAS,73,16.9,73,36.5,16.9,2.9,6.2,.443,.402,.808
Luke Babbitt,NEVADA,68,19.4,68,37.1,19.4,8.1,1.8,.480,.421,.893
Ron Baker,WICHITAST,70,14.4,70,32.2,14.4,4.6,2.9,.429,.367,.776
Wade Baldwin,VANDY,68,11.6,68,29.6,11.6,4.1,4.8,.431,.422,.800
J.J. Barea,NEASTERN,113,20.3,113,33.3,20.3,3.9,6.4,.404,.321,.764
Harrison Barnes,UNC,75,16.3,75,29.3,16.3,5.5,1.3,.430,.349,.734
Matt Barnes,UCLA,121,8.8,121,22.6,8.8,4.8,2.0,.469,.314,.566
Will Barton,MEMPHIS,70,15.2,70,32.9,15.2,6.5,2.9,.471,.299,.733
Brandon Bass,LSU,59,15.1,59,34.2,15.1,8.2,0.7,.540,.378,.780
Jerryd Bayless,ARIZONA,30,19.7,30,35.7,19.7,2.7,4.0,.458,.407,.839
Aron Baynes,WASHST,122,8.7,122,,8.7,5.4,0.3,.546,.333,.698
Kent Bazemore,OLDDOM,140,10.1,140,29.6,10.1,4.6,2.7,.447,.334,.581
Bradley Beal,FLORIDA,37,14.8,37,34.2,14.8,6.7,2.2,.445,.339,.769
Malik Beasley,FLORIDAST,34,15.6,34,29.8,15.6,5.3,1.5,.471,.387,.813
Michael Beasley,KANSASST,33,26.2,33,31.5,26.2,12.4,1.2,.532,.379,.774
DeAndre' Bembry,STJOSEPHS,101,15.7,101,36.1,15.7,6.7,3.6,.457,.312,.628
Anthony Bennett,UNLV,35,16.1,35,27.1,16.1,8.1,1.0,.533,.375,.701
Ben Bentil,PROVIDENCE,69,13.8,69,27.9,13.8,6.3,0.9,.455,.324,.761
Patrick Beverley,ARKANSAS,70,13.0,70,,13.0,5.5,2.8,.420,.382,.730
Tarik Black,MEMPHIS,135,8.4,135,20.7,8.4,4.7,0.3,.614,.000,.555
Eric Bledsoe,KENTUCKY,37,11.3,37,30.3,11.3,3.1,2.9,.462,.383,.667
Andrew Bogut,UTAH,68,16.6,68,32.7,16.6,11.1,2.3,.603,.361,.674
Joel Bolomboy,WEBERST,130,11.4,130,28.8,11.4,10.1,0.7,.528,.371,.713
Devin Booker,KENTUCKY,38,10.0,38,21.5,10.0,2.0,1.1,.470,.411,.828
Trevor Booker,CLEMSON,134,12.9,134,30.8,12.9,7.9,1.7,.559,.324,.624
Avery Bradley,TEXAS,34,11.6,34,29.5,11.6,2.9,2.1,.432,.375,.545
Corey Brewer,FLORIDA,108,11.3,108,27.2,11.3,4.3,2.8,.480,.356,.708
Malcolm Brogdon,VIRGINIA,136,13.3,136,30.6,13.3,4.1,2.5,.430,.365,.876
Aaron Brooks,OREGON,115,13.1,115,32.7,13.1,3.5,4.1,.430,.374,.834
Anthony Brown,STANFORD,144,10.8,144,29.2,10.8,4.8,1.6,.428,.403,.751
Bobby Brown,CALSTFULL,116,16.9,116,34.2,16.9,2.5,4.4,.428,.377,.789
Jaylen Brown,CALIFORNIA,34,14.6,34,27.6,14.6,5.4,2.0,.431,.294,.654
Reggie Bullock,UNC,100,9.9,100,24.6,9.9,5.0,1.7,.439,.387,.720
Trey Burke,MICHIGAN,73,16.9,73,35.7,16.9,3.3,5.7,.450,.367,.777
Alec Burks,COLORADO,68,19.0,68,30.9,19.0,5.8,2.4,.495,.313,.804
Jimmy Butler,MARQUETTE,106,12.0,106,34.5,12.0,5.5,1.7,.508,.383,.773
Kentavious Caldwell-Pope,GEORGIA,64,15.8,64,33.0,15.8,6.1,1.5,.415,.339,.752
Isaiah Canaan,MURRAYST,132,15.5,132,29.4,15.5,2.8,2.9,.450,.419,.803
DeMarre Carroll,VANDY,134,11.2,134,,11.2,6.0,1.6,.535,.281,.603
Vince Carter,UNC,103,12.3,103,23.0,12.3,4.5,1.9,.547,.368,.705
Michael Carter-Williams,SYRACUSE,66,8.2,66,25.4,8.2,3.6,5.2,.398,.307,.679
Willie Cauley-Stein,KENTUCKY,105,8.0,105,24.5,8.0,6.2,0.9,.593,,.508
Wilson Chandler,DEPAUL,59,12.9,59,31.1,12.9,7.1,1.2,.445,.303,.659
Marquese Chriss,WASHINGTON,34,13.7,34,24.9,13.7,5.4,0.8,.530,.350,.682
Rakeem Christmas,SYRACUSE,142,7.4,142,22.0,7.4,5.3,0.6,.560,.000,.681
Semaj Christon,XAVIER,64,16.2,64,34.8,16.2,2.8,4.4,.462,.338,.670
Ian Clark,BELMONT,133,14.4,133,28.7,14.4,2.9,2.2,.484,.425,.810
Jordan Clarkson,TULSA,93,15.4,93,31.7,15.4,3.3,2.7,.440,.322,.805
Norris Cole,CLEVST,140,14.1,140,35.0,14.1,3.2,3.3,.435,.321,.826
Darren Collison,UCLA,141,11.6,141,,11.6,2.3,4.1,.478,.439,.850
Nick Collison,KANSAS,142,14.8,142,27.4,14.8,8.0,1.8,.562,.359,.624
Mike Conley,OHIOST,39,11.3,39,31.6,11.3,3.4,6.1,.518,.304,.694
Pat Connaughton,NOTREDAME,139,10.5,139,32.3,10.5,5.9,1.8,.450,.386,.777
Quinn Cook,DUKE,143,11.0,143,28.2,11.0,2.7,3.6,.432,.375,.853
DeMarcus Cousins,KENTUCKY,38,15.1,38,23.5,15.1,9.8,1.0,.558,.167,.604
Robert Covington,TENNST,118,14.8,118,30.0,14.8,7.4,1.2,.476,.422,.802
Allen Crabbe,CALIFORNIA,98,15.7,98,34.7,15.7,5.7,2.2,.446,.382,.819
Jamal Crawford,MICHIGAN,17,16.6,17,33.9,16.6,2.8,4.5,.412,.327,.784
Jordan Crawford,INDIANA,65,15.5,65,32.8,15.5,4.1,2.6,.455,.384,.765
Jae Crowder,MARQUETTE,72,14.6,72,30.2,14.6,7.6,1.8,.492,.350,.683
Dante Cunningham,VILLANOVA,139,9.6,139,,9.6,5.9,1.0,.524,.333,.693
Seth Curry,LIBERTY,141,14.9,141,29.1,14.9,2.8,2.1,.431,.394,.827
Stephen Curry,DAVIDSON,104,25.3,104,,25.3,4.5,3.7,.467,.412,.876
Troy Daniels,VCU,125,7.3,125,16.9,7.3,2.1,0.4,.389,.386,.782
Anthony Davis,KENTUCKY,40,14.2,40,32.0,14.2,10.4,1.3,.623,.150,.709
Deyonta Davis,MICHIGANST,35,7.5,35,18.6,7.5,5.5,0.7,.598,,.605
Ed Davis,UNC,61,9.2,61,27.9,9.2,7.7,0.7,.548,,.623
Dewayne Dedmon,USC,51,7.1,51,22.7,7.1,6.4,0.5,.520,.000,.614
Sam Dekker,WISCONSIN,113,12.1,113,27.9,12.1,5.0,1.3,.493,.348,.695
Matthew Dellavedova,STMARYSCA,136,14.2,136,36.4,14.2,3.4,5.6,.415,.378,.860
Luol Deng,DUKE,37,15.1,37,31.1,15.1,6.9,1.8,.476,.360,.710
DeMar DeRozan,USC,35,13.9,35,,13.9,5.7,1.5,.523,.167,.646
Cheick Diallo,KANSAS,27,3.0,27,7.5,3.0,2.5,0.0,.569,,.556
Gorgui Dieng,LOUISVILLE,102,8.3,102,27.3,8.3,7.9,1.2,.545,.333,.640
Spencer Dinwiddie,COLORADO,86,13.0,86,30.1,13.0,3.3,2.6,.420,.386,.830
Toney Douglas,AUBURN,130,16.8,130,,16.8,3.8,2.6,.442,.376,.802
Andre Drummond,UCONN,34,10.0,34,28.4,10.0,7.6,0.4,.538,.000,.295
Jared Dudley,BOSTONCOLL,130,15.9,130,36.4,15.9,7.2,3.0,.504,.365,.731
Mike Dunleavy,DUKE,104,13.2,104,28.8,13.2,5.8,2.2,.475,.371,.698
Kris Dunn,PROVIDENCE,95,12.8,95,31.5,12.8,5.1,5.8,.450,.354,.693
Kevin Durant,TEXAS,35,25.8,35,35.9,25.8,11.1,1.3,.473,.404,.816
Jarell Eddie,VATECH,123,9.6,123,25.8,9.6,4.6,1.1,.385,.365,.812
Henry Ellenson,MARQUETTE,33,17.0,33,33.5,17.0,9.7,1.8,.446,.288,.749
Wayne Ellington,UNC,115,14.7,115,,14.7,4.1,2.2,.463,.397,.809
Joel Embiid,KANSAS,28,11.2,28,23.1,11.2,8.1,1.4,.626,.200,.685
Tyler Ennis,SYRACUSE,34,12.9,34,35.7,12.9,3.4,5.5,.411,.353,.765
Tyreke Evans,MEMPHIS,37,17.1,37,,17.1,5.4,3.9,.455,.274,.711
Kenneth Faried,MOREHEAD,136,14.8,136,32.5,14.8,12.3,0.9,.569,.250,.583
Jordan Farmar,UCLA,66,13.3,66,32.2,13.3,3.0,5.2,.410,.333,.760
Derrick Favors,GATECH,36,12.4,36,27.5,12.4,8.4,1.0,.611,.000,.629
Kay Felder,OAKLAND,101,17.5,101,35.9,17.5,4.3,7.8,.426,.345,.822
Raymond Felton,UNC,101,12.5,101,33.9,12.5,4.1,6.9,.423,.375,.731
Yogi Ferrell,INDIANA,69,16.8,69,34.8,16.8,3.5,5.2,.449,.418,.843
Dorian Finney-Smith,FLORIDA,64,14.0,64,30.1,14.0,7.4,1.8,.452,.390,.688
Bryn Forbes,MICHIGANST,74,11.3,74,27.1,11.3,1.7,1.2,.467,.458,.827
Randy Foye,VILLANOVA,131,15.0,131,31.3,15.0,4.8,3.2,.399,.329,.781
Tim Frazier,PENNST,135,11.4,135,30.6,11.4,3.9,4.7,.418,.310,.774
Channing Frye,ARIZONA,133,13.5,133,27.7,13.5,7.3,1.3,.562,.261,.759
Langston Galloway,STJOSEPHS,133,15.0,133,35.5,15.0,4.5,2.2,.438,.426,.821
Patricio Garino,GEORGEWASH,73,13.3,73,31.8,13.3,4.7,1.5,.519,.392,.716
Rudy Gay,UCONN,64,13.6,64,29.8,13.6,5.9,1.8,.461,.378,.721
Michael Gbinije,DUKE,120,9.8,120,25.5,9.8,3.1,2.6,.454,.387,.639
Alonzo Gee,ALABAMA,128,12.7,128,,12.7,5.7,1.3,.447,.325,.632
Paul George,FRESNOST,63,15.5,63,33.2,15.5,6.7,2.4,.447,.396,.803
Marcus Georges-Hunt,GATECH,66,15.3,66,31.7,15.3,4.3,2.6,.444,.321,.800
Taj Gibson,USC,105,12.4,105,,12.4,8.5,1.4,.580,,.629
Archie Goodwin,KENTUCKY,33,14.1,33,31.8,14.1,4.6,2.7,.440,.266,.637
Aaron Gordon,ARIZONA,38,12.4,38,31.2,12.4,8.0,2.0,.495,.356,.422
Eric Gordon,INDIANA,32,20.9,32,34.7,20.9,3.3,2.4,.433,.337,.834
Treveon Graham,VCU,140,13.4,140,25.4,13.4,5.8,1.4,.432,.354,.691
Jerami Grant,SYRACUSE,72,7.5,72,21.9,7.5,4.7,0.9,.486,.300,.641
Jerian Grant,NOTREDAME,120,14.5,120,36.1,14.5,2.9,5.8,.436,.345,.790
Danny Green,UNC,145,9.4,145,,9.4,4.1,1.8,.455,.375,.845
Draymond Green,MICHIGANST,145,10.5,145,29.6,10.5,7.6,2.9,.467,.361,.687
JaMychal Green,ALABAMA,123,13.5,123,28.0,13.5,7.4,1.2,.519,.176,.711
Jeff Green,GEORGETOWN,102,13.1,102,33.2,13.1,6.5,3.1,.488,.359,.700
Blake Griffin,OKLAHOMA,68,18.8,68,,18.8,11.8,2.1,.618,.300,.589
Justin Hamilton,IOWAST,96,7.9,96,25.8,7.9,5.2,0.5,.535,.250,.741
A.J. Hammons,PURDUE,132,12.1,132,24.3,12.1,7.0,0.8,.539,.261,.690
Tim Hardaway,MICHIGAN,107,14.3,107,33.3,14.3,4.1,2.1,.425,.343,.724
James Harden,ARIZONAST,69,19.0,69,,19.0,5.4,3.7,.506,.376,.755
Maurice Harkless,STJOHNS,32,15.5,32,36.1,15.5,8.6,1.5,.452,.215,.676
Justin Harper,RICHMOND,137,10.6,137,28.5,10.6,4.8,0.7,.483,.382,.711
Montrezl Harrell,LOUISVILLE,112,11.6,112,26.4,11.6,6.9,0.9,.586,.275,.533
Devin Harris,WISCONSIN,96,14.8,96,35.0,14.8,4.1,3.1,.447,.375,.778
Gary Harris,MICHIGANST,69,14.9,69,31.0,14.9,3.3,2.0,.440,.376,.788
Joe Harris,VIRGINIA,135,12.6,135,30.3,12.6,3.8,1.9,.445,.407,.722
Manny Harris,MICHIGAN,98,17.0,98,36.1,17.0,5.7,3.7,.406,.318,.827
Tobias Harris,TENNESSEE,34,15.3,34,29.2,15.3,7.3,1.3,.460,.303,.753
Aaron Harrison,KENTUCKY,79,12.4,79,29.2,12.4,2.8,1.6,.410,.335,.787
Andrew Harrison,KENTUCKY,79,10.1,79,28.6,10.1,2.7,3.8,.372,.367,.777
Udonis Haslem,FLORIDA,130,13.7,130,24.9,13.7,6.4,1.1,.584,.000,.666
Spencer Hawes,WASHINGTON,31,14.9,31,28.9,14.9,6.4,1.9,.532,.333,.755
Gordon Hayward,BUTLER,69,14.4,69,33.5,14.4,7.4,1.8,.470,.369,.824
Gerald Henderson,DUKE,103,12.3,103,,12.3,4.2,1.8,.458,.329,.706
John Henson,UNC,109,10.3,109,23.8,10.3,8.1,1.0,.497,.208,.484
Roy Hibbert,GEORGETOWN,136,10.9,136,23.3,10.9,5.9,1.3,.603,1.000,.680
Buddy Hield,OKLAHOMA,132,17.4,132,31.7,17.4,5.0,1.9,.448,.390,.836
George Hill,IUPUI,95,17.0,95,33.3,17.0,5.8,3.3,.529,.404,.785
Jordan Hill,ARIZONA,97,12.5,97,,12.5,7.9,0.8,.578,,.636
Solomon Hill,ARIZONA,139,10.3,139,29.0,10.3,5.6,2.2,.481,.375,.745
Darrun Hilliard,VILLANOVA,132,11.4,132,26.8,11.4,3.0,1.9,.436,.367,.748
Jrue Holiday,UCLA,35,8.5,35,,8.5,3.8,3.7,.450,.307,.726
Justin Holiday,WASHINGTON,123,5.3,123,25.3,5.3,3.6,1.5,.443,.343,.736
Rondae Hollis-Jefferson,ARIZONA,76,10.2,76,27.0,10.2,6.3,1.5,.496,.205,.697
Richaun Holmes,BOWLGREEN,95,11.5,95,26.5,11.5,6.9,0.7,.554,.353,.697
Rodney Hood,MISSST,67,13.3,67,32.8,13.3,4.3,2.1,.455,.396,.773
Al Horford,FLORIDA,109,10.3,109,25.7,10.3,7.9,1.7,.586,.000,.619
Danuel House,TEXASAM,62,15.3,62,31.6,15.3,4.3,2.1,.404,.344,.686
Josh Huestis,STANFORD,135,7.5,135,25.0,7.5,6.2,0.8,.451,.319,.610
Kris Humphries,MINNESOTA,29,21.7,29,34.1,21.7,10.1,0.7,.444,.340,.742
R.J. Hunter,GEORGIAST,99,18.4,99,34.7,18.4,4.8,2.4,.423,.354,.853
Andre Iguodala,ARIZONA,62,9.6,62,25.4,9.6,6.6,3.4,.424,.274,.738
Brandon Ingram,DUKE,36,17.3,36,34.6,17.3,6.8,2.0,.442,.410,.682
Kyrie Irving,DUKE,11,17.5,11,27.5,17.5,3.4,4.3,.529,.462,.901
Jarrett Jack,GATECH,101,12.5,101,32.3,12.5,4.5,5.4,.478,.359,.796
Demetrius Jackson,NOTREDAME,103,12.2,103,31.5,12.2,3.1,3.3,.473,.383,.782
Pierre Jackson,BAYLOR,74,16.7,74,32.8,16.7,3.3,6.5,.441,.379,.808
Reggie Jackson,BOSTONCOLL,99,12.7,99,32.2,12.7,4.4,3.5,.465,.351,.753
Richard Jefferson,ARIZONA,84,11.2,84,26.3,11.2,5.0,2.8,.490,.368,.718
John Jenkins,VANDY,98,16.9,98,30.6,16.9,2.7,1.1,.468,.438,.856
Brice Johnson,UNC,148,11.9,148,21.0,11.9,7.0,0.9,.577,,.715
James Johnson,WAKE,61,14.8,61,,14.8,8.3,1.6,.515,.296,.693
Joe Johnson,ARKANSAS,53,15.0,53,30.3,15.0,6.1,2.4,.466,.406,.753
Stanley Johnson,ARIZONA,38,13.8,38,28.4,13.8,6.5,1.7,.446,.371,.742
Tyler Johnson,FRESNOST,128,10.5,128,27.6,10.5,4.8,2.4,.456,.372,.716
Wesley Johnson,IOWAST,93,13.9,93,35.0,13.9,7.0,1.6,.454,.349,.768
Dahntay Jones,RUTGERS,131,13.8,131,29.8,13.8,4.6,1.4,.452,.344,.745
Damian Jones,VANDY,99,13.3,99,27.1,13.3,6.4,0.7,.566,.125,.565
Derrick Jones,UNLV,30,11.5,30,21.5,11.5,4.5,0.8,.589,.205,.594
James Jones,MIAMIFL,122,11.1,122,27.5,11.1,5.0,1.2,.426,.383,.831
Terrence Jones,KENTUCKY,76,14.0,76,30.4,14.0,8.0,1.5,.467,.328,.638
Tyus Jones,DUKE,39,11.8,39,33.9,11.8,3.5,5.6,.417,.379,.889
DeAndre Jordan,TEXASAM,35,7.9,35,20.1,7.9,6.0,0.4,.617,,.437
Cory Joseph,TEXAS,36,10.4,36,32.4,10.4,3.6,3.0,.422,.413,.699
Frank Kaminsky,WISCONSIN,144,10.1,144,20.4,10.1,4.6,1.3,.522,.369,.763
Ryan Kelly,DUKE,126,7.5,126,19.3,7.5,3.7,0.9,.460,.379,.805
Michael Kidd-Gilchrist,KENTUCKY,40,11.9,40,31.1,11.9,7.4,1.9,.491,.255,.745
Sean Kilpatrick,CINCY,140,15.3,140,30.8,15.3,4.3,2.0,.419,.347,.780
Brandon Knight,KENTUCKY,38,17.3,38,35.9,17.3,4.0,4.2,.423,.377,.795
Kyle Korver,CREIGHTON,128,14.1,128,27.7,14.1,5.2,2.3,.472,.453,.891
Kosta Koufos,OHIOST,37,14.4,37,27.1,14.4,6.7,0.5,.508,.349,.680
Skal Labissiere,KENTUCKY,36,6.6,36,15.8,6.6,3.1,0.3,.516,.000,.661
Jeremy Lamb,UCONN,75,14.1,75,32.1,14.1,4.7,1.7,.482,.348,.806
Zach LaVine,UCLA,37,9.4,37,24.4,9.4,2.5,1.8,.441,.375,.691
Ty Lawson,UNC,105,13.1,105,,13.1,2.9,5.8,.517,.403,.780
Jake Layman,MARYLAND,141,10.2,141,27.9,10.2,4.8,1.1,.445,.362,.759
Courtney Lee,WKENTUCKY,127,17.6,127,31.2,17.6,5.2,2.2,.464,.401,.817
David Lee,FLORIDA,127,11.3,127,25.0,11.3,6.8,2.0,.581,.000,.681
Alex Len,MARYLAND,60,9.7,60,24.5,9.7,7.0,0.8,.538,.111,.663
Kawhi Leonard,SANDIEGOST,70,14.1,70,31.9,14.1,10.2,2.2,.449,.250,.744
Meyers Leonard,ILLINOIS,65,7.7,65,19.8,7.7,4.7,0.7,.567,.083,.729
Jon Leuer,WISCONSIN,123,11.2,123,31.6,11.2,4.5,1.1,.482,.368,.723
Caris LeVert,MICHIGAN,103,10.4,103,26.4,10.4,3.5,2.7,.434,.401,.770
DeAndre Liggins,KENTUCKY,100,5.8,100,24.6,5.8,3.0,2.1,.407,.332,.643
Damian Lillard,WEBERST,104,18.6,104,33.6,18.6,4.3,3.5,.446,.390,.867
Jeremy Lin,HARVARD,115,12.9,115,32.2,12.9,4.3,3.5,.481,.333,.733
Shawn Long,ULALA,68,17.6,68,29.3,17.6,11.1,1.4,.532,.319,.671
Kevon Looney,UCLA,36,11.6,36,30.9,11.6,9.2,1.4,.470,.415,.626
Brook Lopez,STANFORD,53,16.0,53,28.0,16.0,7.1,1.1,.480,.143,.764
Robin Lopez,STANFORD,67,9.0,67,24.3,9.0,5.6,0.8,.511,.500,.612
Kevin Love,UCLA,39,17.5,39,29.6,17.5,10.6,1.9,.559,.354,.767
Kyle Lowry,VILLANOVA,57,9.5,57,26.7,9.5,3.8,3.0,.449,.325,.737
John Lucas III,BAYLOR,126,14.9,126,34.8,14.9,2.5,4.2,.445,.383,.869
Trey Lyles,KENTUCKY,36,8.7,36,23.0,8.7,5.2,1.1,.488,.138,.735
Sheldon Mac,MIAMIFL,73,15.3,73,33.3,15.3,4.0,1.8,.493,.381,.832
Shelvin Mack,BUTLER,108,14.1,108,31.5,14.1,4.2,3.3,.419,.357,.755
Jarell Martin,LSU,65,13.7,65,30.7,13.7,6.9,1.4,.494,.308,.689
Wesley Matthews,MARQUETTE,127,13.2,127,,13.2,4.9,2.1,.444,.341,.799
Luc Mbah a Moute,UCLA,107,8.7,107,29.5,8.7,7.2,1.6,.503,.215,.668
James Michael McAdoo,UNC,108,11.4,108,25.0,11.4,5.9,1.0,.447,.000,.569
Patrick McCaw,UNLV,65,12.2,65,31.7,12.2,4.2,3.3,.439,.367,.753
C.J. McCollum,LEHIGH,111,21.3,111,32.9,21.3,6.3,2.7,.439,.377,.825
T.J. McConnell,DUQUESNE,139,10.2,139,31.8,10.2,3.9,5.4,.490,.380,.749
Chris McCullough,SYRACUSE,16,9.3,16,28.1,9.3,6.9,1.1,.478,1.000,.563
K.J. McDaniels,CLEMSON,94,11.0,94,24.3,11.0,4.8,0.9,.450,.313,.767
Doug McDermott,CREIGHTON,145,21.7,145,31.5,21.7,7.5,1.3,.550,.458,.831
JaVale McGee,NEVADA,66,8.7,66,18.7,8.7,4.8,0.3,.542,.356,.514
Rodney McGruder,KANSASST,135,11.7,135,27.4,11.7,4.8,1.4,.452,.381,.759
Ben McLemore,KANSAS,37,15.9,37,32.2,15.9,5.2,2.0,.495,.420,.870
Jordan McRae,TENNESSEE,114,13.3,114,27.1,13.3,3.3,1.8,.417,.343,.769
Josh McRoberts,DUKE,69,10.8,69,29.7,10.8,6.5,2.4,.540,.278,.664
Jodie Meeks,KENTUCKY,81,15.4,81,,15.4,3.0,1.6,.436,.386,.890
Jordan Mickey,LSU,65,14.0,65,33.8,14.0,8.8,1.2,.518,.071,.669
Khris Middleton,TEXASAM,87,11.3,87,26.0,11.3,4.6,2.0,.431,.321,.768
Mike Miller,FLORIDA,65,13.3,65,26.7,13.3,6.0,2.3,.483,.345,.718
Patty Mills,STMARYSCA,58,16.4,58,,16.4,2.2,3.7,.415,.331,.806
Elijah Millsap,ULALA,87,12.8,87,33.1,12.8,7.5,1.4,.422,.291,.629
Paul Millsap,LATECH,92,18.6,92,35.2,18.6,12.7,0.9,.577,.375,.620
Greg Monroe,GEORGETOWN,65,14.5,65,34.2,14.5,8.2,3.2,.543,.273,.677
E'Twaun Moore,PURDUE,140,15.3,140,32.7,15.3,4.4,2.9,.440,.380,.729
Marcus Morris,KANSAS,109,12.6,109,26.6,12.6,6.2,1.3,.555,.358,.660
Markieff Morris,KANSAS,109,8.5,109,21.1,8.5,6.1,1.2,.553,.404,.653
Anthony Morrow,GATECH,123,11.4,123,23.6,11.4,3.3,1.0,.437,.421,.867
Shabazz Muhammad,UCLA,32,17.9,32,30.8,17.9,5.2,0.8,.443,.377,.711
Dejounte Murray,WASHINGTON,34,16.1,34,33.5,16.1,6.0,4.4,.416,.288,.663
Jamal Murray,KENTUCKY,36,20.0,36,35.2,20.0,5.2,2.2,.454,.408,.783
Mike Muscala,BUCKNELL,133,15.3,133,28.7,15.3,8.2,1.6,.501,.313,.819
Larry Nance,WYOMING,123,11.3,123,29.5,11.3,6.6,1.4,.521,.308,.771
Shabazz Napier,UCONN,143,13.7,143,32.3,13.7,4.0,4.5,.411,.375,.813
Maurice Ndour,OHIO,66,14.8,66,32.3,14.8,7.6,1.6,.498,.388,.757
Gary Neal,LASALLE,106,21.7,106,,21.7,3.9,2.6,.427,.359,.827
Jameer Nelson,STJOSEPHS,125,16.8,125,34.5,16.8,4.6,5.7,.454,.365,.786
Georges Niang,IOWAST,138,16.1,138,29.8,16.1,5.2,3.1,.500,.375,.763
Andrew Nicholson,STBONNY,123,17.1,123,31.4,17.1,7.2,0.7,.575,.377,.720
Joakim Noah,FLORIDA,108,10.5,108,21.1,10.5,6.4,1.7,.616,.500,.684
Nerlens Noel,KENTUCKY,24,10.5,24,31.9,10.5,9.5,1.6,.590,,.529
Steve Novak,MARQUETTE,126,12.4,126,27.0,12.4,4.2,1.0,.465,.461,.931
David Nwaba,CALPOLY,54,12.0,54,27.4,12.0,5.6,2.6,.446,.167,.628
Johnny O'Bryant,LSU,91,12.7,91,27.1,12.7,7.7,1.3,.467,.222,.619
Kyle O'Quinn,NORFOLKST,129,12.5,129,30.9,12.5,8.5,0.9,.553,.261,.685
Daniel Ochefu,VILLANOVA,73,9.6,73,23.7,9.6,8.0,1.6,.635,.000,.688
Jahlil Okafor,DUKE,38,17.3,38,30.1,17.3,8.5,1.3,.664,,.510
Victor Oladipo,INDIANA,104,10.7,104,24.6,10.7,5.2,1.7,.538,.338,.716
Kelly Olynyk,GONZAGA,101,8.9,101,17.2,8.9,4.6,1.1,.594,.333,.709
Arinze Onuaku,SYRACUSE,134,9.2,134,22.8,9.2,6.0,0.5,.648,,.395
Chinanu Onuaku,LOUISVILLE,66,6.2,66,21.0,6.2,6.4,1.1,.619,.000,.547
Kelly Oubre,KANSAS,36,9.3,36,21.0,9.3,5.0,0.8,.444,.358,.718
Jabari Parker,DUKE,35,19.1,35,30.7,19.1,8.7,1.2,.473,.358,.748
Chandler Parsons,FLORIDA,142,10.2,142,32.6,10.2,6.0,2.4,.477,.337,.611
Lamar Patterson,PITT,149,9.5,149,24.3,9.5,3.9,2.9,.435,.369,.723
Patrick Patterson,KENTUCKY,97,16.1,97,33.0,16.1,8.2,1.5,.585,.329,.734
Chris Paul,WAKE,63,15.0,63,33.5,15.0,3.9,6.3,.472,.470,.838
Adreian Payne,MICHIGANST,138,8.9,138,20.0,8.9,5.3,0.6,.526,.409,.755
Cameron Payne,MURRAYST,69,18.5,69,32.4,18.5,3.7,5.7,.432,.359,.781
Elfrid Payton,ULALA,100,14.3,100,31.6,14.3,5.1,4.9,.485,.268,.611
Gary Payton,OREGONST,63,14.7,63,35.3,14.7,7.7,4.1,.485,.302,.652
Paul Pierce,KANSAS,108,16.4,108,26.8,16.4,6.3,2.2,.481,.355,.697
Marshall Plumlee,DUKE,75,5.2,75,19.7,5.2,5.3,0.7,.704,1.000,.598
Mason Plumlee,DUKE,141,9.8,141,25.9,9.8,7.7,1.5,.574,.200,.583
Miles Plumlee,DUKE,135,4.8,135,17.7,4.8,4.8,0.3,.557,1.000,.625
Jakob Poeltl,UTAH,70,13.3,70,26.9,13.3,8.0,1.3,.658,.000,.605
Otto Porter,GEORGETOWN,64,12.8,64,32.5,12.8,7.1,2.1,.498,.355,.751
Bobby Portis,ARKANSAS,70,15.0,70,28.5,15.0,7.9,1.3,.526,.365,.737
Dwight Powell,STANFORD,136,10.8,136,26.2,10.8,6.3,1.8,.464,.289,.722
Norman Powell,UCLA,141,9.8,141,25.2,9.8,3.0,1.5,.461,.314,.746
Alex Poythress,KENTUCKY,39,9.3,39,22.9,9.3,5.6,0.3,.563,.233,.724
Ronnie Price,NICHOLLS,114,17.8,114,31.2,17.8,3.5,2.8,.417,.345,.788
Tim Quarterman,LSU,66,11.3,66,31.2,11.3,4.9,3.8,.421,.328,.673
Chasson Randle,STANFORD,37,19.6,37,36.4,19.6,3.3,3.0,.403,.363,.877
Julius Randle,KENTUCKY,40,15.0,40,30.8,15.0,10.4,1.4,.501,.167,.706
Zach Randolph,MICHIGANST,33,10.8,33,19.8,10.8,6.7,1.0,.587,.000,.635
J.J. Redick,DUKE,139,19.9,139,34.0,19.9,2.7,2.2,.433,.406,.912
Willie Reed,STLOUIS,67,10.2,67,24.7,10.2,6.3,0.5,.574,,.500
Josh Richardson,TENNESSEE,136,9.2,136,28.3,9.2,3.2,1.8,.456,.318,.758
Malachi Richardson,SYRACUSE,37,13.4,37,34.4,13.4,4.3,2.1,.369,.353,.720
Austin Rivers,DUKE,34,15.5,34,33.2,15.5,3.4,2.1,.433,.365,.658
Andre Roberson,COLORADO,105,9.6,105,28.3,9.6,10.0,1.1,.516,.350,.582
Brian Roberts,DAYTON,125,15.7,125,,15.7,3.0,2.8,.452,.441,.849
Glenn Robinson,MICHIGAN,76,12.0,76,33.0,12.0,4.9,1.1,.525,.313,.718
Thomas Robinson,KANSAS,105,9.8,105,18.7,9.8,7.3,1.0,.525,.500,.606
Rajon Rondo,KENTUCKY,68,9.6,68,28.1,9.6,4.5,4.2,.493,.283,.577
Derrick Rose,MEMPHIS,40,14.9,40,29.2,14.9,4.5,4.7,.477,.337,.712
Terrence Ross,WASHINGTON,69,12.3,69,24.4,12.3,4.7,1.2,.453,.364,.764
Terry Rozier,LOUISVILLE,73,12.0,73,26.8,12.0,4.3,2.4,.408,.331,.772
Brandon Rush,KANSAS,109,13.6,109,31.3,13.6,5.5,2.0,.449,.435,.733
D'Angelo Russell,OHIOST,35,19.3,35,33.9,19.3,5.7,5.0,.449,.411,.756
Domantas Sabonis,GONZAGA,74,13.5,74,26.6,13.5,9.4,1.3,.632,.357,.729
Larry Sanders,VCU,101,10.3,101,26.9,10.3,7.7,0.5,.520,.250,.577
Mike Scott,VIRGINIA,130,11.8,130,30.1,11.8,7.3,1.0,.521,.364,.775
Wayne Selden,KANSAS,74,11.6,74,29.6,11.6,3.1,2.6,.435,.381,.633
Ramon Sessions,NEVADA,97,8.8,97,29.2,8.8,4.2,4.9,.417,.313,.740
Iman Shumpert,GATECH,92,12.7,92,31.1,12.7,4.5,4.2,.396,.305,.738
Pascal Siakam,NMSTATE,68,16.6,68,32.7,16.6,9.7,1.5,.551,.176,.711
Jonathon Simmons,HOUSTON,30,14.7,30,30.1,14.7,5.0,2.2,.512,.386,.716
Kyle Singler,DUKE,148,16.2,148,35.4,16.2,6.9,2.0,.433,.363,.773
Marcus Smart,OKSTATE,64,16.6,64,33.1,16.6,5.9,4.5,.413,.295,.751
Ish Smith,WAKE,121,9.2,121,36.8,9.2,3.7,5.1,.425,.301,.484
Jason Smith,COLORADOST,87,14.7,87,27.9,14.7,7.9,2.0,.548,.308,.751
Tony Snell,NMEXICO,104,9.2,104,24.8,9.2,2.4,2.0,.421,.380,.821
Marreese Speights,FLORIDA,69,9.5,69,15.4,9.5,5.4,0.5,.633,,.688
Nik Stauskas,MICHIGAN,75,14.1,75,32.9,14.1,2.9,2.3,.467,.441,.832
Lance Stephenson,CINCY,34,12.3,34,28.2,12.3,5.4,2.5,.440,.219,.664
Jarnell Stokes,TENNESSEE,87,13.0,87,29.7,13.0,9.6,1.5,.530,.000,.628
Diamond Stone,MARYLAND,35,12.5,35,23.1,12.5,5.4,0.4,.568,,.761
Rodney Stuckey,EWASHINGTN,59,24.4,59,33.1,24.4,4.7,4.8,.472,.317,.806
Jared Sullinger,OHIOST,74,17.3,74,31.0,17.3,9.7,1.2,.530,.365,.733
Isaiah Taylor,TEXAS,57,14.2,57,31.2,14.2,2.9,4.8,.412,.300,.822
Jeff Teague,WAKE,61,16.4,61,,16.4,3.0,3.0,.462,.421,.812
Garrett Temple,LSU,134,6.7,134,,6.7,3.7,3.6,.371,.278,.783
Jason Terry,ARIZONA,129,11.3,129,26.0,11.3,2.3,3.8,.443,.374,.784
Isaiah Thomas,WASHINGTON,105,16.4,105,31.5,16.4,3.5,4.0,.426,.325,.713
Lance Thomas,DUKE,140,4.6,140,25.3,4.6,3.6,0.5,.525,,.600
Hollis Thompson,GEORGETOWN,99,8.7,99,24.6,8.7,4.1,1.1,.478,.440,.676
Klay Thompson,WASHST,98,17.9,98,35.0,17.9,4.8,2.6,.424,.390,.827
Tristan Thompson,TEXAS,36,13.1,36,30.7,13.1,7.8,1.3,.546,,.487
Marcus Thornton,LSU,66,20.4,66,,20.4,5.5,1.8,.455,.382,.771
Mike Tobey,VIRGINIA,71,7.1,71,16.4,7.1,4.7,0.4,.559,.182,.690
Anthony Tolliver,CREIGHTON,124,8.1,124,21.5,8.1,4.9,1.1,.491,.333,.671
Karl-Anthony Towns,KENTUCKY,39,10.3,39,21.1,10.3,6.7,1.1,.566,.250,.813
P.J. Tucker,TEXAS,87,13.4,87,28.9,13.4,8.2,2.0,.526,.500,.711
Evan Turner,OHIOST,101,15.0,101,35.7,15.0,6.8,4.1,.502,.362,.758
Myles Turner,TEXAS,34,10.1,34,22.2,10.1,6.5,0.6,.455,.274,.839
Tyler Ulis,KENTUCKY,72,11.3,72,30.1,11.3,2.4,5.3,.427,.371,.846
Jarrod Uthoff,IOWA,67,15.6,67,30.6,15.6,6.4,1.4,.440,.377,.788
Denzel Valentine,MICHIGANST,144,11.4,144,29.0,11.4,5.9,4.4,.442,.408,.779
Fred VanVleet,WICHITAST,66,12.9,66,30.4,12.9,3.9,5.4,.412,.369,.805
Greivis Vasquez,MARYLAND,136,16.0,136,33.9,16.0,4.8,5.7,.425,.329,.828
Rashad Vaughn,UNLV,23,17.8,23,32.3,17.8,4.8,1.6,.439,.383,.694
Noah Vonleh,INDIANA,30,11.3,30,26.5,11.3,9.0,0.6,.523,.485,.716
Nikola Vucevic,USC,87,11.1,87,27.7,11.1,8.0,1.1,.509,.303,.746
Dwyane Wade,MARQUETTE,65,19.7,65,30.7,19.7,6.5,3.9,.494,.333,.745
Dion Waiters,SYRACUSE,71,9.7,71,20.4,9.7,1.9,2.0,.453,.348,.753
Kemba Walker,UCONN,111,16.1,111,36.5,16.1,4.4,4.1,.428,.326,.783
John Wall,KENTUCKY,37,16.6,37,34.8,16.6,4.3,6.5,.461,.325,.754
Taurean Waller-Prince,BAYLOR,129,10.2,129,20.2,10.2,4.2,1.1,.460,.376,.718
T.J. Warren,NCSTATE,70,18.5,70,31.2,18.5,5.7,1.0,.555,.315,.654
C.J. Watson,TENNESSEE,119,12.0,119,34.1,12.0,3.7,4.8,.432,.396,.777
Briante Weber,VCU,127,6.8,127,23.3,6.8,3.3,3.0,.426,.274,.769
David West,XAVIER,126,16.9,126,33.4,16.9,10.4,2.1,.531,.327,.757
Russell Westbrook,UCLA,75,8.3,75,21.9,8.3,2.4,2.5,.464,.354,.685
Isaiah Whitehead,SETONHALL,56,15.8,56,30.5,15.8,3.7,4.5,.375,.359,.757
Hassan Whiteside,MARSHALL,34,13.1,34,26.1,13.1,8.9,0.3,.524,.600,.588
Andrew Wiggins,KANSAS,35,17.1,35,32.8,17.1,5.9,1.5,.448,.341,.775
C.J. Wilcox,WASHINGTON,131,14.4,131,28.5,14.4,3.4,1.6,.433,.389,.840
Alan Williams,UCSB,112,15.5,112,27.0,15.5,10.0,1.0,.492,.000,.706
Deron Williams,ILLINOIS,101,11.0,101,31.7,11.0,3.3,5.9,.422,.374,.685
Derrick Williams,ARIZONA,69,17.8,69,29.2,17.8,7.7,0.9,.586,.511,.719
Marvin Williams,UNC,36,11.3,36,22.2,11.3,6.6,0.7,.506,.432,.847
Reggie Williams,VMI,112,22.8,112,,22.8,7.3,3.4,.498,.302,.703
Troy Williams,INDIANA,67,13.1,67,26.8,13.1,6.6,2.0,.526,.364,.713
Kyle Wiltjer,GONZAGA,74,18.6,74,30.5,18.6,6.3,1.7,.514,.449,.828
Justise Winslow,DUKE,39,12.6,39,29.1,12.6,6.5,2.1,.486,.418,.641
Jeff Withey,KANSAS,117,8.0,117,19.8,8.0,5.4,0.6,.568,1.000,.726
Christian Wood,UNLV,63,10.4,63,23.3,10.4,6.8,0.8,.477,.261,.747
Metta World Peace,STJOHNS,69,13.1,69,34.2,13.1,6.3,3.2,.445,.355,.589
Brandan Wright,UNC,37,14.7,37,27.4,14.7,6.2,1.0,.646,,.567
Delon Wright,UTAH,68,15.0,68,34.8,15.0,5.8,5.2,.535,.299,.814
James Young,KENTUCKY,40,14.3,40,32.4,14.3,4.3,1.7,.407,.349,.706
Joe Young,HOUSTON,132,17.5,132,32.8,17.5,3.6,2.7,.453,.390,.886
Nick Young,USC,96,15.5,96,31.1,15.5,5.1,1.4,.484,.368,.764
Thaddeus Young,GATECH,31,14.4,31,29.6,14.4,4.9,2.0,.478,.419,.743
Cody Zeller,INDIANA,72,16.1,72,29.0,16.1,7.3,1.3,.592,.000,.756
Tyler Zeller,UNC,117,12.8,117,25.3,12.8,6.7,0.6,.543,.000,.775
Stephen Zimmerman,UNLV,26,10.5,26,26.2,10.5,8.7,0.8,.477,.294,.624
